prod_state_idx,action_idx,value
0,0,0.0000000000
0,1,0.0000000000
0,2,0.0000000000
0,3,0.0000000000
0,4,0.0000000000
0,5,0.0000000000
0,6,0.0000000000
0,7,0.0000000000
0,8,0.0000000000
1,0,0.0000000000
1,1,0.0000000000
1,2,0.0000000000
1,3,0.0000000000
1,4,0.0000000000
1,5,0.0000000000
1,6,0.0000000000
1,7,0.0000000000
1,8,0.0000000000
2,0,0.0000000000
2,1,0.0000000000
2,2,0.0000000000
2,3,0.0000000000
2,4,0.0000000000
2,5,0.0000000000
2,6,0.0000000000
2,7,0.0000000000
2,8,0.0000000000
3,0,0.0000000000
3,1,0.0000000000
3,2,0.0000000000
3,3,0.0000000000
3,4,0.0000000000
3,5,0.0000000000
3,6,0.0000000000
3,7,0.0000000000
3,8,0.0000000000
4,0,0.0000000000
4,1,0.0000000000
4,2,0.0000000000
4,3,0.0000000000
4,4,0.0000000000
4,5,0.0000000000
4,6,0.0000000000
4,7,0.0000000000
4,8,0.0000000000
5,0,0.0000000000
5,1,0.0000000000
5,2,0.0000000000
5,3,0.0000000000
5,4,0.0000000000
5,5,0.0000000000
5,6,0.0000000000
5,7,0.0000000000
5,8,0.0000000000
6,0,0.0000000000
6,1,0.0000000000
6,2,0.0000000000
6,3,0.0000000000
6,4,0.0000000000
6,5,0.0000000000
6,6,0.0000000000
6,7,0.0000000000
6,8,0.0000000000
7,0,0.0000000000
7,1,0.0000000000
7,2,0.0000000000
7,3,0.0000000000
7,4,0.0000000000
7,5,0.0000000000
7,6,0.0000000000
7,7,0.0000000000
7,8,0.0000000000
8,0,0.0000000000
8,1,0.0000000000
8,2,0.0000000000
8,3,0.0000000000
8,4,0.0000000000
8,5,0.0000000000
8,6,0.0000000000
8,7,0.0000000000
8,8,0.0000000000
9,0,0.0000000000
9,1,0.0000000000
9,2,0.0000000000
9,3,0.0000000000
9,4,0.0000000000
9,5,0.0000000000
9,6,0.0000000000
9,7,0.0000000000
9,8,0.0000000000
10,0,0.0000000000
10,1,0.0000000000
10,2,0.0000000000
10,3,0.0000000000
10,4,0.0000000000
10,5,0.0000000000
10,6,0.0000000000
10,7,0.0000000000
10,8,0.0000000000
11,0,0.0000000000
11,1,0.0000000000
11,2,0.0000000000
11,3,0.0000000000
11,4,0.0000000000
11,5,0.0000000000
11,6,0.0000000000
11,7,0.0000000000
11,8,0.0000000000
12,0,0.0000000000
12,1,0.0000000000
12,2,0.0000000000
12,3,0.0000000000
12,4,0.0000000000
12,5,0.0000000000
12,6,0.0000000000
12,7,0.0000000000
12,8,0.0000000000
13,0,0.0000000000
13,1,0.0000000000
13,2,0.0000000000
13,3,0.0000000000
13,4,0.0000000000
13,5,0.0000000000
13,6,0.0000000000
13,7,0.0000000000
13,8,0.0000000000
14,0,0.0000000000
14,1,0.0000000000
14,2,0.0000000000
14,3,0.0000000000
14,4,0.0000000000
14,5,0.0000000000
14,6,0.0000000000
14,7,0.0000000000
14,8,0.0000000000
15,0,0.0000000000
15,1,0.0000000000
15,2,0.0000000000
15,3,0.0000000000
15,4,0.0000000000
15,5,0.0000000000
15,6,0.0000000000
15,7,0.0000000000
15,8,0.0000000000
16,0,0.0000000000
16,1,0.0000000000
16,2,0.0000000000
16,3,0.0000000000
16,4,0.0000000000
16,5,0.0000000000
16,6,0.0000000000
16,7,0.0000000000
16,8,0.0000000000
17,0,0.0000000000
17,1,0.0000000000
17,2,0.0000000000
17,3,0.0000000000
17,4,0.0000000000
17,5,0.0000000000
17,6,0.0000000000
17,7,0.0000000000
17,8,0.0000000000
18,0,0.0000000000
18,1,0.0000000000
18,2,0.0000000000
18,3,0.0000000000
18,4,0.0000000000
18,5,0.0000000000
18,6,0.0000000000
18,7,0.0000000000
18,8,0.0000000000
19,0,0.0000000000
19,1,0.0000000000
19,2,0.0000000000
19,3,0.0000000000
19,4,0.0000000000
19,5,0.0000000000
19,6,0.0000000000
19,7,0.0000000000
19,8,0.0000000000
20,0,0.0000000000
20,1,0.0000000000
20,2,0.0000000000
20,3,0.0000000000
20,4,0.0000000000
20,5,0.0000000000
20,6,0.0000000000
20,7,0.0000000000
20,8,0.0000000000
21,0,0.0000000000
21,1,0.0000000000
21,2,0.0000000000
21,3,0.0000000000
21,4,0.0000000000
21,5,0.0000000000
21,6,0.0000000000
21,7,0.0000000000
21,8,0.0000000000
22,0,0.0000000000
22,1,0.0000000000
22,2,0.0000000000
22,3,0.0000000000
22,4,0.0000000000
22,5,0.0000000000
22,6,0.0000000000
22,7,0.0000000000
22,8,0.0000000000
23,0,0.0000000000
23,1,0.0000000000
23,2,0.0000000000
23,3,0.0000000000
23,4,0.0000000000
23,5,0.0000000000
23,6,0.0000000000
23,7,0.0000000000
23,8,0.0000000000
24,0,0.0000000000
24,1,0.0000000000
24,2,0.0000000000
24,3,0.0000000000
24,4,0.0000000000
24,5,0.0000000000
24,6,0.0000000000
24,7,0.0000000000
24,8,0.0000000000
25,0,0.0000000000
25,1,0.0000000000
25,2,0.0000000000
25,3,0.0000000000
25,4,0.0000000000
25,5,0.0000000000
25,6,0.0000000000
25,7,0.0000000000
25,8,0.0000000000
26,0,0.0000000000
26,1,0.0000000000
26,2,0.0000000000
26,3,0.0000000000
26,4,0.0000000000
26,5,0.0000000000
26,6,0.0000000000
26,7,0.0000000000
26,8,0.0000000000
27,0,0.0000000000
27,1,0.0000000000
27,2,0.0000000000
27,3,0.0000000000
27,4,0.0000000000
27,5,0.0000000000
27,6,0.0000000000
27,7,0.0000000000
27,8,0.0000000000
28,0,0.0000000000
28,1,0.0000000000
28,2,0.0000000000
28,3,0.0000000000
28,4,0.0000000000
28,5,0.0000000000
28,6,0.0000000000
28,7,0.0000000000
28,8,0.0000000000
29,0,0.0000000000
29,1,0.0000000000
29,2,0.0000000000
29,3,0.0000000000
29,4,0.0000000000
29,5,0.0000000000
29,6,0.0000000000
29,7,0.0000000000
29,8,0.0000000000
30,0,0.0000000000
30,1,0.0000000000
30,2,0.0000000000
30,3,0.0000000000
30,4,0.0000000000
30,5,0.0000000000
30,6,0.0000000000
30,7,0.0000000000
30,8,0.0000000000
31,0,0.0000000000
31,1,0.0000000000
31,2,0.0000000000
31,3,0.0000000000
31,4,0.0000000000
31,5,0.0000000000
31,6,0.0000000000
31,7,0.0000000000
31,8,0.0000000000
32,0,0.0000000000
32,1,0.0000000000
32,2,0.0000000000
32,3,0.0000000000
32,4,0.0000000000
32,5,0.0000000000
32,6,0.0000000000
32,7,0.0000000000
32,8,0.0000000000
33,0,0.0000000000
33,1,0.0000000000
33,2,0.0000000000
33,3,0.0000000000
33,4,0.0000000000
33,5,0.0000000000
33,6,0.0000000000
33,7,0.0000000000
33,8,0.0000000000
34,0,0.0000000000
34,1,0.0000000000
34,2,0.0000000000
34,3,0.0000000000
34,4,0.0000000000
34,5,0.0000000000
34,6,0.0000000000
34,7,0.0000000000
34,8,0.0000000000
35,0,0.0000000000
35,1,0.0000000000
35,2,0.0000000000
35,3,0.0000000000
35,4,0.0000000000
35,5,0.0000000000
35,6,0.0000000000
35,7,0.0000000000
35,8,0.0000000000
36,0,0.0000000000
36,1,0.0000000000
36,2,0.0000000000
36,3,0.0000000000
36,4,0.0000000000
36,5,0.0000000000
36,6,0.0000000000
36,7,0.0000000000
36,8,0.0000000000
37,0,0.0000000000
37,1,0.0000000000
37,2,0.0000000000
37,3,0.0000000000
37,4,0.0000000000
37,5,0.0000000000
37,6,0.0000000000
37,7,0.0000000000
37,8,0.0000000000
38,0,0.0000000000
38,1,0.0000000000
38,2,0.0000000000
38,3,1.3870397241
38,4,0.0000000000
38,5,0.0000000000
38,6,0.0000000000
38,7,0.0000000000
38,8,0.0000000000
39,0,0.0000000000
39,1,0.0000000000
39,2,0.0000000000
39,3,0.0000000000
39,4,0.0000000000
39,5,0.0000000000
39,6,0.0000000000
39,7,0.0000000000
39,8,0.0000000000
40,0,0.0000000000
40,1,0.0000000000
40,2,0.0000000000
40,3,1.0000000000
40,4,0.0000000000
40,5,0.0000000000
40,6,0.0000000000
40,7,0.0000000000
40,8,0.0000000000
41,0,0.0000000000
41,1,0.0000000000
41,2,0.0000000000
41,3,0.0000000000
41,4,0.0000000000
41,5,0.0000000000
41,6,0.0000000000
41,7,0.0000000000
41,8,0.0000000000
42,0,0.0000000000
42,1,0.0000000000
42,2,0.0000000000
42,3,0.0000000000
42,4,0.0000000000
42,5,0.0000000000
42,6,0.0000000000
42,7,0.0000000000
42,8,0.0000000000
43,0,0.0000000000
43,1,0.0000000000
43,2,0.0000000000
43,3,0.0000000000
43,4,0.0000000000
43,5,0.0000000000
43,6,0.0000000000
43,7,0.0000000000
43,8,0.0000000000
44,0,0.0000000000
44,1,0.0000000000
44,2,0.0000000000
44,3,0.0000000000
44,4,0.0000000000
44,5,0.0000000000
44,6,0.0900000000
44,7,0.0000000000
44,8,0.0000000000
45,0,0.0000000000
45,1,0.0000000000
45,2,0.0000000000
45,3,0.0000000000
45,4,0.0000000000
45,5,0.0000000000
45,6,0.0000000000
45,7,0.0000000000
45,8,0.0000000000
46,0,0.0000000000
46,1,0.0000000000
46,2,0.0000000000
46,3,0.0000000000
46,4,0.0000000000
46,5,0.0000000000
46,6,0.0000000000
46,7,0.0000000000
46,8,0.0000000000
47,0,0.0000000000
47,1,0.0000000000
47,2,0.0000000000
47,3,0.0000000000
47,4,0.0000000000
47,5,0.0000000000
47,6,0.0000000000
47,7,0.0000000000
47,8,0.0000000000
48,0,0.0000000000
48,1,0.0000000000
48,2,0.0000000000
48,3,0.0000000000
48,4,0.0000000000
48,5,0.0000000000
48,6,0.0000000000
48,7,0.0000000000
48,8,0.0000000000
49,0,0.0000000000
49,1,0.0000000000
49,2,0.0000000000
49,3,0.0009000000
49,4,0.0000000000
49,5,0.0000000000
49,6,0.0000000000
49,7,0.0000000000
49,8,0.0000000000
50,0,0.0000000000
50,1,0.0000000000
50,2,0.0000000000
50,3,0.0000000000
50,4,0.0000000000
50,5,0.0000000000
50,6,0.0000000000
50,7,0.0000000000
50,8,0.0000000000
51,0,0.0000000000
51,1,0.0000000000
51,2,0.0000000000
51,3,0.0000000000
51,4,0.0000000000
51,5,0.0000000000
51,6,0.0000000000
51,7,0.0000000000
51,8,0.0000000000
52,0,0.0000000000
52,1,0.0000000000
52,2,0.0000000000
52,3,0.0000000000
52,4,0.0000000000
52,5,0.0000000000
52,6,0.0000000000
52,7,0.0000000000
52,8,0.0000000000
53,0,0.0000000000
53,1,0.0000000000
53,2,0.0000000000
53,3,0.0006570000
53,4,0.0000000000
53,5,0.0000000000
53,6,0.0000000000
53,7,0.0000000000
53,8,0.0000000000
54,0,0.0000000000
54,1,0.0000000000
54,2,0.0000000000
54,3,0.0000000000
54,4,0.0000000000
54,5,0.0000000000
54,6,0.0000000000
54,7,0.0000000000
54,8,0.0000000000
55,0,0.0000000000
55,1,0.0000000000
55,2,0.0000000000
55,3,0.0000000000
55,4,0.0000000000
55,5,0.0000000000
55,6,0.0000000000
55,7,0.0000000000
55,8,0.0000000000
56,0,0.0000000000
56,1,0.0000000000
56,2,0.0000000000
56,3,0.0000000000
56,4,0.0000000000
56,5,0.0000000000
56,6,0.0000000000
56,7,0.0000000000
56,8,0.0000000000
57,0,0.0000000000
57,1,0.0000000000
57,2,0.0000000000
57,3,0.0000622421
57,4,0.0000000000
57,5,0.0000000000
57,6,0.0000000000
57,7,0.0000000000
57,8,0.0000000000
58,0,0.0000000000
58,1,0.0000000000
58,2,0.0000000000
58,3,0.0000000000
58,4,0.0000000000
58,5,0.0000000000
58,6,0.0000000000
58,7,1.9128050359
58,8,0.0000000000
59,0,0.0000000000
59,1,0.0454929785
59,2,0.0000000000
59,3,0.0000000000
59,4,0.0000000000
59,5,0.0000000000
59,6,0.0000000000
59,7,0.0000000000
59,8,0.0000000000
60,0,0.0900000000
60,1,0.0000000000
60,2,0.0000000000
60,3,0.0000000000
60,4,0.0000000000
60,5,0.0000000000
60,6,0.0000000000
60,7,0.0000000000
60,8,0.0000000000
61,0,0.0000000000
61,1,0.0000000000
61,2,0.0000000000
61,3,0.0000000000
61,4,0.0000000000
61,5,0.0000000000
61,6,0.0000000000
61,7,0.0000000000
61,8,0.0000000000
62,0,0.0000000000
62,1,0.0000000000
62,2,0.0000000000
62,3,0.0000000000
62,4,0.0000000000
62,5,0.0000000000
62,6,0.0000000000
62,7,0.0000000000
62,8,0.0000000000
63,0,0.0000000000
63,1,0.0000000000
63,2,0.0000000000
63,3,0.0000000000
63,4,0.0000000000
63,5,0.0000000000
63,6,0.0000000000
63,7,0.0000000000
63,8,0.0000000000
64,0,0.0000000000
64,1,0.0000000000
64,2,0.0000000000
64,3,0.6394263158
64,4,0.0000000000
64,5,0.0000000000
64,6,0.0000000000
64,7,0.0000000000
64,8,0.0000000000
65,0,0.0000000000
65,1,0.0000000000
65,2,0.0000000000
65,3,0.0000000000
65,4,0.0000000000
65,5,0.0000000000
65,6,0.0000000000
65,7,0.0000000000
65,8,0.0000000000
66,0,0.0000000000
66,1,0.0000000000
66,2,0.0000000000
66,3,0.0000000000
66,4,0.0000000000
66,5,0.0000000000
66,6,0.0000000000
66,7,0.0000000000
66,8,0.0000000000
67,0,0.0000000000
67,1,0.0000000000
67,2,0.0000000000
67,3,0.0000000000
67,4,0.0000000000
67,5,0.0000000000
67,6,0.0000000000
67,7,0.0000000000
67,8,0.0000000000
68,0,0.0000000000
68,1,0.0000000000
68,2,0.0000000000
68,3,0.1118772299
68,4,0.0000000000
68,5,0.0000000000
68,6,0.0000000000
68,7,0.0000000000
68,8,0.0000000000
69,0,0.0000000000
69,1,0.0000000000
69,2,0.0000000000
69,3,0.0006570000
69,4,0.0000000000
69,5,0.0000000000
69,6,0.0000000000
69,7,0.0000000000
69,8,0.0000000000
70,0,0.0000000000
70,1,0.0000000000
70,2,0.0000000000
70,3,0.0000000000
70,4,0.0000000000
70,5,0.0000000000
70,6,0.0000000000
70,7,0.0000000000
70,8,0.0000000000
71,0,0.0000000000
71,1,0.0000000000
71,2,0.0000000000
71,3,0.0000000000
71,4,0.0000000000
71,5,0.0000000000
71,6,0.0000000000
71,7,0.0000000000
71,8,0.0000000000
72,0,0.0000000000
72,1,0.0000000000
72,2,0.0000000000
72,3,0.0110488955
72,4,0.0000000000
72,5,0.0000000000
72,6,0.0000000000
72,7,0.0000000000
72,8,0.0000000000
73,0,0.0047234842
73,1,0.0000000000
73,2,0.0000000000
73,3,0.0000000000
73,4,0.0000000000
73,5,0.0000000000
73,6,0.0000000000
73,7,0.0000000000
73,8,0.0000000000
74,0,0.0000000000
74,1,0.0000000000
74,2,0.0000000000
74,3,0.0000000000
74,4,0.0000000000
74,5,0.0000000000
74,6,0.0000000000
74,7,0.0000000000
74,8,0.0000000000
75,0,0.0000000000
75,1,0.0000000000
75,2,0.0000000000
75,3,0.0000000000
75,4,0.0000000000
75,5,0.0000000000
75,6,0.0000000000
75,7,0.0000000000
75,8,0.0000000000
76,0,0.0000000000
76,1,0.0000000000
76,2,0.0000000000
76,3,0.0000000000
76,4,0.0000000000
76,5,0.0000000000
76,6,0.0011048895
76,7,0.0000000000
76,8,0.0000000000
77,0,0.0000000000
77,1,0.0000000000
77,2,0.0000000000
77,3,0.0012925611
77,4,0.0000000000
77,5,0.0000000000
77,6,0.0000000000
77,7,0.0000000000
77,8,0.0000000000
78,0,0.0000000000
78,1,0.0000000000
78,2,0.1034216895
78,3,0.0000000000
78,4,0.0000000000
78,5,0.0000000000
78,6,0.0000000000
78,7,0.0000000000
78,8,0.0000000000
79,0,0.0000000000
79,1,0.0000000000
79,2,0.0000000000
79,3,0.0000000000
79,4,0.0000000000
79,5,0.0000000000
79,6,0.0000000000
79,7,0.0000000000
79,8,0.0000000000
80,0,0.0085263158
80,1,0.0000000000
80,2,0.0000000000
80,3,0.0000000000
80,4,0.0000000000
80,5,0.0000000000
80,6,0.0000000000
80,7,0.0000000000
80,8,0.0000000000
81,0,0.0000000000
81,1,0.0000000000
81,2,0.0000000000
81,3,0.0000000000
81,4,0.0000000000
81,5,0.0000000000
81,6,0.0000000000
81,7,0.0000000000
81,8,0.0000000000
82,0,0.0000000000
82,1,0.0000000000
82,2,0.0000000000
82,3,0.0000000000
82,4,0.0000000000
82,5,0.0000000000
82,6,0.0000000000
82,7,0.0000000000
82,8,0.0000000000
83,0,0.0000000000
83,1,0.0000000000
83,2,0.0000000000
83,3,0.0000000000
83,4,0.0000000000
83,5,0.0000000000
83,6,0.0000000000
83,7,0.0000000000
83,8,0.0000000000
84,0,0.0000000000
84,1,0.0000000000
84,2,0.0000000000
84,3,0.1729351247
84,4,0.0000000000
84,5,0.0000000000
84,6,0.0000000000
84,7,0.0000000000
84,8,0.0000000000
85,0,0.0000000000
85,1,0.0000000000
85,2,0.0000000000
85,3,0.0000000000
85,4,0.0000000000
85,5,0.0000000000
85,6,0.0000000000
85,7,0.0000000000
85,8,0.0000000000
86,0,0.0000000000
86,1,0.0000000000
86,2,0.0000000000
86,3,0.0000000000
86,4,0.0000000000
86,5,0.0000000000
86,6,0.0000000000
86,7,0.0000000000
86,8,0.0000000000
87,0,0.0000000000
87,1,0.0000000000
87,2,0.0000000000
87,3,0.0000000000
87,4,0.0000000000
87,5,0.0000000000
87,6,0.0000000000
87,7,0.0000000000
87,8,0.0000000000
88,0,0.5955399592
88,1,0.0000000000
88,2,0.0000000000
88,3,0.0000000000
88,4,0.0000000000
88,5,0.0000000000
88,6,0.0000000000
88,7,0.0000000000
88,8,0.0000000000
89,0,0.0000000000
89,1,0.0000000000
89,2,0.0000000000
89,3,0.0000622421
89,4,0.0000000000
89,5,0.0000000000
89,6,0.0000000000
89,7,0.0000000000
89,8,0.0000000000
90,0,0.0000000000
90,1,0.0000000000
90,2,0.0000000000
90,3,0.0000000000
90,4,0.0000000000
90,5,0.0000000000
90,6,0.0000000000
90,7,0.0000000000
90,8,0.0000000000
91,0,0.0000000000
91,1,0.0000000000
91,2,0.0000000000
91,3,0.0000000000
91,4,0.0000000000
91,5,0.0000000000
91,6,0.0000000000
91,7,0.0000000000
91,8,0.0000000000
92,0,0.0000000000
92,1,0.0000000000
92,2,0.0000000000
92,3,0.0000000000
92,4,0.0000000000
92,5,0.0000000000
92,6,0.6415717360
92,7,0.0000000000
92,8,0.0000000000
93,0,0.0000000000
93,1,0.0000000000
93,2,0.0000000000
93,3,0.0012925611
93,4,0.0000000000
93,5,0.0000000000
93,6,0.0000000000
93,7,0.0000000000
93,8,0.0000000000
94,0,0.0000000000
94,1,0.0000000000
94,2,0.0000000000
94,3,0.0000000000
94,4,0.0000000000
94,5,0.0000000000
94,6,0.0000000000
94,7,0.0000000000
94,8,0.0000000000
95,0,0.0000000000
95,1,0.0000000000
95,2,0.0000000000
95,3,0.0000000000
95,4,0.0000000000
95,5,0.0000000000
95,6,0.0000000000
95,7,0.0000000000
95,8,0.0000000000
96,0,0.0000000000
96,1,0.0000000000
96,2,0.0000000000
96,3,0.0000000000
96,4,0.0000000000
96,5,0.0000000000
96,6,0.0000000000
96,7,0.0000000000
96,8,0.0000000000
97,0,0.0000000000
97,1,0.0000000000
97,2,0.0000000000
97,3,0.0000000000
97,4,0.0000000000
97,5,0.0000000000
97,6,0.0000000000
97,7,0.0000000000
97,8,0.0000000000
98,0,0.0000000000
98,1,0.0000000000
98,2,0.0000000000
98,3,0.0000000000
98,4,0.0000000000
98,5,0.1149129883
98,6,0.0000000000
98,7,0.0000000000
98,8,0.0000000000
99,0,0.0000000000
99,1,0.0000000000
99,2,0.0000000000
99,3,0.0000000000
99,4,0.0000000000
99,5,0.0000000000
99,6,0.0000000000
99,7,0.0063281011
99,8,0.0000000000
100,0,0.0000000000
100,1,0.0000000000
100,2,0.0000000000
100,3,0.0000000000
100,4,0.0000000000
100,5,0.0000000000
100,6,0.0000000000
100,7,0.0000000000
100,8,0.0000000000
101,0,0.0000000000
101,1,0.0000000000
101,2,0.0000000000
101,3,0.0000000000
101,4,0.0000000000
101,5,0.0000000000
101,6,0.0000000000
101,7,0.0000000000
101,8,0.0000000000
102,0,0.0000000000
102,1,0.0000000000
102,2,0.0000000000
102,3,0.0000000000
102,4,0.0000000000
102,5,0.0000000000
102,6,0.0000000000
102,7,0.0000000000
102,8,0.0000000000
103,0,0.0000000000
103,1,0.0000000000
103,2,0.0000000000
103,3,0.0000000000
103,4,0.0000000000
103,5,0.0000000000
103,6,0.0000000000
103,7,0.0000000000
103,8,0.0000000000
104,0,0.0000000000
104,1,0.0000000000
104,2,0.0000000000
104,3,0.0000000000
104,4,0.0000000000
104,5,0.0000000000
104,6,0.0000000000
104,7,0.0000000000
104,8,0.0000000000
105,0,0.0000000000
105,1,0.0000000000
105,2,0.0000000000
105,3,0.0000000000
105,4,0.0000000000
105,5,0.0000000000
105,6,0.0000000000
105,7,0.0000000000
105,8,0.0000000000
106,0,0.0000000000
106,1,0.0000000000
106,2,0.0000000000
106,3,0.0000000000
106,4,0.0000000000
106,5,0.0000000000
106,6,0.0000000000
106,7,0.0000000000
106,8,0.0000000000
107,0,0.0000000000
107,1,0.0000000000
107,2,0.0000000000
107,3,0.0000000000
107,4,0.0000000000
107,5,0.0000000000
107,6,0.0000000000
107,7,0.0000000000
107,8,0.0000000000
108,0,0.0000000000
108,1,0.0000000000
108,2,0.0000000000
108,3,0.0000000000
108,4,0.0000000000
108,5,0.0000000000
108,6,0.0000000000
108,7,0.0000000000
108,8,0.0000000000
109,0,0.0000000000
109,1,0.0000000000
109,2,0.0000000000
109,3,0.0000000000
109,4,0.0000000000
109,5,0.0000000000
109,6,0.0000000000
109,7,0.0000000000
109,8,0.0000000000
110,0,0.0000000000
110,1,0.0000000000
110,2,0.0000000000
110,3,0.0000000000
110,4,0.0000000000
110,5,0.0000000000
110,6,0.0000000000
110,7,0.0000000000
110,8,0.0000000000
111,0,0.0000000000
111,1,0.0000000000
111,2,0.0000000000
111,3,0.0000000000
111,4,0.0000000000
111,5,0.0000000000
111,6,0.0000000000
111,7,0.0000000000
111,8,0.0000000000
112,0,0.0000000000
112,1,0.0000000000
112,2,0.0000000000
112,3,0.0000000000
112,4,0.0000000000
112,5,0.0000000000
112,6,0.0000000000
112,7,0.0000000000
112,8,0.0000000000
113,0,0.0000000000
113,1,0.0000000000
113,2,0.0000000000
113,3,0.0000000000
113,4,0.0000000000
113,5,0.0000000000
113,6,0.0000000000
113,7,0.0000000000
113,8,0.0000000000
114,0,0.0000000000
114,1,0.0000000000
114,2,0.0000000000
114,3,0.0000000000
114,4,0.0000000000
114,5,0.0000000000
114,6,0.0000000000
114,7,0.0000000000
114,8,0.0000000000
115,0,0.0000000000
115,1,0.0000000000
115,2,0.0000000000
115,3,0.0000000000
115,4,0.0000000000
115,5,0.0000000000
115,6,0.0000000000
115,7,0.0000000000
115,8,0.0000000000
116,0,0.0000000000
116,1,0.0000000000
116,2,0.0000000000
116,3,0.0000000000
116,4,0.0000000000
116,5,0.0000000000
116,6,0.0000000000
116,7,0.0000000000
116,8,0.0000000000
117,0,0.0000000000
117,1,0.0000000000
117,2,0.0000000000
117,3,0.0000000000
117,4,0.0000000000
117,5,0.0000000000
117,6,0.0000000000
117,7,0.0000000000
117,8,0.0000000000
118,0,0.0000000000
118,1,0.0000000000
118,2,0.0000000000
118,3,0.0000000000
118,4,0.0000000000
118,5,0.0000000000
118,6,0.0000000000
118,7,0.0000000000
118,8,0.0000000000
119,0,0.0000000000
119,1,0.0000000000
119,2,0.0000000000
119,3,0.0000000000
119,4,0.0000000000
119,5,0.0000000000
119,6,0.0000000000
119,7,0.0000000000
119,8,0.0000000000
120,0,0.0000000000
120,1,0.0000000000
120,2,0.0000000000
120,3,0.0000000000
120,4,0.0000000000
120,5,0.0000000000
120,6,0.0000000000
120,7,0.0000000000
120,8,0.0000000000
121,0,0.0000000000
121,1,0.0000000000
121,2,0.0000000000
121,3,0.0000000000
121,4,0.0000000000
121,5,0.0000000000
121,6,0.0000000000
121,7,0.0000000000
121,8,0.0000000000
122,0,0.0000000000
122,1,0.0000000000
122,2,0.0000000000
122,3,0.0000000000
122,4,0.0000000000
122,5,0.0000000000
122,6,0.0000000000
122,7,0.0000000000
122,8,0.0000000000
123,0,0.0000000000
123,1,0.0000000000
123,2,0.0000000000
123,3,0.0000000000
123,4,0.0000000000
123,5,0.0000000000
123,6,0.0000000000
123,7,0.0000000000
123,8,0.0000000000
124,0,0.0000000000
124,1,0.0000000000
124,2,0.0000000000
124,3,0.0000000000
124,4,0.0000000000
124,5,0.0000000000
124,6,0.0000000000
124,7,0.0000000000
124,8,0.0000000000
125,0,0.0000000000
125,1,0.0000000000
125,2,0.0000000000
125,3,0.0000000000
125,4,0.0000000000
125,5,0.0000000000
125,6,0.0000000000
125,7,0.0000000000
125,8,0.0000000000
126,0,0.0000000000
126,1,0.0000000000
126,2,0.0000000000
126,3,0.0000000000
126,4,0.0000000000
126,5,0.0000000000
126,6,0.0000000000
126,7,0.0000000000
126,8,0.0000000000
127,0,0.0000000000
127,1,0.0000000000
127,2,0.0000000000
127,3,0.0000000000
127,4,0.0000000000
127,5,0.0000000000
127,6,0.0000000000
127,7,0.0000000000
127,8,0.0000000000
128,0,0.0000000000
128,1,0.0000000000
128,2,0.0000000000
128,3,0.0000000000
128,4,0.0000000000
128,5,0.0000000000
128,6,0.0000000000
128,7,0.0000000000
128,8,0.0000000000
129,0,0.0000000000
129,1,0.0000000000
129,2,0.0000000000
129,3,0.0000000000
129,4,0.0000000000
129,5,0.0000000000
129,6,0.0000000000
129,7,0.0000000000
129,8,0.0000000000
130,0,0.0000000000
130,1,0.0000000000
130,2,0.0000000000
130,3,0.0000000000
130,4,0.0000000000
130,5,0.0000000000
130,6,0.0000000000
130,7,0.0000000000
130,8,0.0000000000
131,0,0.0000000000
131,1,0.0000000000
131,2,0.0000000000
131,3,0.0000000000
131,4,0.0000000000
131,5,0.0000000000
131,6,0.0000000000
131,7,0.0000000000
131,8,0.0000000000
132,0,0.0000000000
132,1,0.0000000000
132,2,0.0000000000
132,3,0.0000000000
132,4,0.0000000000
132,5,0.0000000000
132,6,0.0000000000
132,7,0.0000000000
132,8,0.0000000000
133,0,0.0000000000
133,1,0.0000000000
133,2,0.0000000000
133,3,0.0000000000
133,4,0.0000000000
133,5,0.0000000000
133,6,0.0000000000
133,7,0.0000000000
133,8,0.0000000000
134,0,0.0000000000
134,1,0.0000000000
134,2,0.0000000000
134,3,0.0000000000
134,4,0.0000000000
134,5,0.0000000000
134,6,0.0000000000
134,7,0.0000000000
134,8,0.0000000000
135,0,0.0000000000
135,1,0.0000000000
135,2,0.0000000000
135,3,0.0000000000
135,4,0.0000000000
135,5,0.0000000000
135,6,0.0000000000
135,7,0.0000000000
135,8,0.0000000000
136,0,0.0000000000
136,1,0.0000000000
136,2,0.0000000000
136,3,0.0000000000
136,4,0.0000000000
136,5,0.0000000000
136,6,0.0000000000
136,7,0.0000000000
136,8,0.0000000000
137,0,0.0000000000
137,1,0.0000000000
137,2,0.0000000000
137,3,0.0000000000
137,4,0.0000000000
137,5,0.0000000000
137,6,0.0000000000
137,7,0.0000000000
137,8,0.0000000000
138,0,0.0000000000
138,1,0.0000000000
138,2,0.0000000000
138,3,0.0000000000
138,4,0.0000000000
138,5,0.0000000000
138,6,0.1733799655
138,7,0.0000000000
138,8,0.0000000000
139,0,0.0000000000
139,1,0.0000000000
139,2,0.0000000000
139,3,0.0000000000
139,4,0.0000000000
139,5,0.0000000000
139,6,0.0000000000
139,7,0.0000000000
139,8,0.0000000000
140,0,0.0000000000
140,1,0.0000000000
140,2,0.0000000000
140,3,0.0000000000
140,4,0.0000000000
140,5,0.0000000000
140,6,0.0000000000
140,7,0.0000000000
140,8,0.0000000000
141,0,0.0000000000
141,1,0.0000000000
141,2,0.0000000000
141,3,0.0000000000
141,4,0.0000000000
141,5,0.0000000000
141,6,0.0000000000
141,7,0.0000000000
141,8,0.0000000000
142,0,0.0000000000
142,1,0.0000000000
142,2,0.0000000000
142,3,0.0000000000
142,4,0.0000000000
142,5,0.0000000000
142,6,0.0000000000
142,7,0.0000000000
142,8,0.0000000000
143,0,0.0000000000
143,1,0.0000000000
143,2,0.0000000000
143,3,0.0000000000
143,4,0.0000000000
143,5,0.0000000000
143,6,0.0000000000
143,7,0.0000000000
143,8,0.0000000000
144,0,0.0000000000
144,1,0.0000000000
144,2,0.0000000000
144,3,0.0000000000
144,4,0.0000000000
144,5,0.0000000000
144,6,0.0000000000
144,7,0.0000000000
144,8,0.0000000000
145,0,0.0000000000
145,1,0.0000000000
145,2,0.0000000000
145,3,0.0000000000
145,4,0.0000000000
145,5,0.0000000000
145,6,0.0000000000
145,7,0.0000000000
145,8,0.0000000000
146,0,0.0000000000
146,1,0.0000000000
146,2,0.0000000000
146,3,0.0000000000
146,4,0.0000000000
146,5,0.0000000000
146,6,0.0000000000
146,7,0.0000000000
146,8,0.0000000000
147,0,0.0000000000
147,1,0.0000000000
147,2,0.0000000000
147,3,0.0000000000
147,4,0.0000000000
147,5,0.0000000000
147,6,0.0000000000
147,7,0.0000000000
147,8,0.0000000000
148,0,0.0000000000
148,1,0.0000000000
148,2,0.0000000000
148,3,0.0000000000
148,4,0.0000000000
148,5,0.0000000000
148,6,0.0000000000
148,7,0.0000000000
148,8,0.0000000000
149,0,0.0072000000
149,1,0.0000000000
149,2,0.0000000000
149,3,0.0000000000
149,4,0.0000000000
149,5,0.0000000000
149,6,0.0000000000
149,7,0.0000000000
149,8,0.0000000000
150,0,0.0000000000
150,1,0.0000000000
150,2,0.0000000000
150,3,0.0000000000
150,4,0.0000000000
150,5,0.0000000000
150,6,0.0000000000
150,7,0.0000000000
150,8,0.0000000000
151,0,0.0000000000
151,1,0.0000000000
151,2,0.0000000000
151,3,0.0000000000
151,4,0.0000000000
151,5,0.0000000000
151,6,0.0000000000
151,7,0.0000000000
151,8,0.0000000000
152,0,0.0000000000
152,1,0.0000000000
152,2,0.0000000000
152,3,0.0000000000
152,4,0.0000000000
152,5,0.0000000000
152,6,0.0000000000
152,7,0.0000000000
152,8,0.0000000000
153,0,0.0000000000
153,1,0.0000000000
153,2,0.0000000000
153,3,0.0000720000
153,4,0.0000000000
153,5,0.0000000000
153,6,0.0000000000
153,7,0.0000000000
153,8,0.0000000000
154,0,0.0000000000
154,1,0.0000000000
154,2,0.0000000000
154,3,0.0000000000
154,4,0.0000000000
154,5,0.0000000000
154,6,0.0000000000
154,7,0.0000000000
154,8,0.0000000000
155,0,0.0000000000
155,1,0.0000000000
155,2,0.0000000000
155,3,0.0000000000
155,4,0.0000000000
155,5,0.0000000000
155,6,0.0000000000
155,7,0.0000000000
155,8,0.0000000000
156,0,0.0000000000
156,1,0.0000000000
156,2,0.0000000000
156,3,0.0000000000
156,4,0.0000000000
156,5,0.0000000000
156,6,0.0000000000
156,7,0.0000000000
156,8,0.0000000000
157,0,0.0000000000
157,1,0.0000000000
157,2,0.0000000000
157,3,0.0000068211
157,4,0.0000000000
157,5,0.0000000000
157,6,0.0000000000
157,7,0.0000000000
157,8,0.0000000000
158,0,0.0000000000
158,1,0.0000000000
158,2,1.7337996552
158,3,0.0000000000
158,4,0.0000000000
158,5,0.0000000000
158,6,0.0000000000
158,7,0.0000000000
158,8,0.0000000000
159,0,0.0000000000
159,1,0.0005686622
159,2,0.0000000000
159,3,0.0000000000
159,4,0.0000000000
159,5,0.0000000000
159,6,0.0000000000
159,7,0.0000000000
159,8,0.0000000000
160,0,0.0000000000
160,1,0.0000000000
160,2,0.0000000000
160,3,0.0000000000
160,4,0.0000000000
160,5,0.0000000000
160,6,0.0000000000
160,7,0.0000000000
160,8,0.0000000000
161,0,0.0000000000
161,1,0.0000000000
161,2,0.0000000000
161,3,0.0000000000
161,4,0.0000000000
161,5,0.0000000000
161,6,0.0000000000
161,7,0.0000000000
161,8,0.0000000000
162,0,0.0000000000
162,1,0.0000000000
162,2,0.0000000000
162,3,0.0000000000
162,4,0.0000000000
162,5,0.0000000000
162,6,0.0000000000
162,7,0.0000000000
162,8,0.0000000000
163,0,0.0000000000
163,1,0.0000000000
163,2,0.0000000000
163,3,0.0000000000
163,4,0.0000000000
163,5,0.0000000000
163,6,0.0000000000
163,7,0.0000000000
163,8,0.0000000000
164,0,0.0000000000
164,1,0.0000000000
164,2,0.0000000000
164,3,0.0072000000
164,4,0.0000000000
164,5,0.0000000000
164,6,0.0000000000
164,7,0.0000000000
164,8,0.0000000000
165,0,0.0000000000
165,1,0.0000000000
165,2,0.0000000000
165,3,0.0000000000
165,4,0.0000000000
165,5,0.0000000000
165,6,0.0000000000
165,7,0.0000000000
165,8,0.0000000000
166,0,0.0000000000
166,1,0.0000000000
166,2,0.0000000000
166,3,0.0000000000
166,4,0.0000000000
166,5,0.0000000000
166,6,0.0000000000
166,7,0.0000000000
166,8,0.0000000000
167,0,0.0000000000
167,1,0.0000000000
167,2,0.0000000000
167,3,0.0000000000
167,4,0.0000000000
167,5,0.0000000000
167,6,0.0000000000
167,7,0.0000000000
167,8,0.0000000000
168,0,0.0000000000
168,1,0.0000000000
168,2,0.0000000000
168,3,0.0510821053
168,4,0.0000000000
168,5,0.0000000000
168,6,0.0000000000
168,7,0.0000000000
168,8,0.0000000000
169,0,0.0000000000
169,1,0.0000000000
169,2,0.0000000000
169,3,0.0000000000
169,4,0.0000000000
169,5,0.0000000000
169,6,0.0000720000
169,7,0.0000000000
169,8,0.0000000000
170,0,0.0000000000
170,1,0.0000000000
170,2,0.0000000000
170,3,0.0000000000
170,4,0.0000000000
170,5,0.0000000000
170,6,0.0000000000
170,7,0.0000000000
170,8,0.0000000000
171,0,0.0000000000
171,1,0.0000000000
171,2,0.0000000000
171,3,0.0000000000
171,4,0.0000000000
171,5,0.0000000000
171,6,0.0000000000
171,7,0.0000000000
171,8,0.0000000000
172,0,0.0000000000
172,1,0.0000000000
172,2,0.0000000000
172,3,0.0084393573
172,4,0.0000000000
172,5,0.0000000000
172,6,0.0000000000
172,7,0.0000000000
172,8,0.0000000000
173,0,0.0000000000
173,1,0.0000000000
173,2,0.0000000000
173,3,0.0000000000
173,4,0.0000000000
173,5,0.0000000000
173,6,0.0005176421
173,7,0.0000000000
173,8,0.0000000000
174,0,0.0000000000
174,1,0.0000000000
174,2,0.0000000000
174,3,0.0000000000
174,4,0.0000000000
174,5,0.0000000000
174,6,0.0000000000
174,7,0.0000000000
174,8,0.0000000000
175,0,0.0000000000
175,1,0.0000000000
175,2,0.0000000000
175,3,0.0000000000
175,4,0.0000000000
175,5,0.0000000000
175,6,0.0000000000
175,7,0.0000000000
175,8,0.0000000000
176,0,0.0000000000
176,1,0.0000000000
176,2,0.0000000000
176,3,0.0008439357
176,4,0.0000000000
176,5,0.0000000000
176,6,0.0000000000
176,7,0.0000000000
176,8,0.0000000000
177,0,0.0000000000
177,1,0.0000000000
177,2,0.0000000000
177,3,0.0001416505
177,4,0.0000000000
177,5,0.0000000000
177,6,0.0000000000
177,7,0.0000000000
177,8,0.0000000000
178,0,0.0000000000
178,1,0.0000000000
178,2,0.4751365750
178,3,0.0000000000
178,4,0.0000000000
178,5,0.0000000000
178,6,0.0000000000
178,7,0.0000000000
178,8,0.0000000000
179,0,0.0000000000
179,1,0.0000000000
179,2,0.0051179601
179,3,0.0000000000
179,4,0.0000000000
179,5,0.0000000000
179,6,0.0000000000
179,7,0.0000000000
179,8,0.0000000000
180,0,0.0000000000
180,1,0.0000000000
180,2,0.0000000000
180,3,0.0000000000
180,4,0.0000000000
180,5,0.0000000000
180,6,0.0000000000
180,7,0.0000000000
180,8,0.0000000000
181,0,0.0000000000
181,1,0.0000000000
181,2,0.0000000000
181,3,0.0000000000
181,4,0.0000000000
181,5,0.0000000000
181,6,0.0000000000
181,7,0.0000000000
181,8,0.0000000000
182,0,0.0000000000
182,1,0.0000000000
182,2,0.0000000000
182,3,0.0000000000
182,4,0.0000000000
182,5,0.0000000000
182,6,0.0000000000
182,7,0.0000000000
182,8,0.0000000000
183,0,0.0000000000
183,1,0.0000000000
183,2,0.0000000000
183,3,0.0000000000
183,4,0.0000000000
183,5,0.0000000000
183,6,0.0000000000
183,7,0.0000000000
183,8,0.0000000000
184,0,0.0006821053
184,1,0.0000000000
184,2,0.0000000000
184,3,0.0000000000
184,4,0.0000000000
184,5,0.0000000000
184,6,0.0000000000
184,7,0.0000000000
184,8,0.0000000000
185,0,0.0000000000
185,1,0.0000000000
185,2,0.0000000000
185,3,0.0000000000
185,4,0.0000000000
185,5,0.0000000000
185,6,0.0000000000
185,7,0.0000000000
185,8,0.0000000000
186,0,0.0000000000
186,1,0.0000000000
186,2,0.0000000000
186,3,0.0000000000
186,4,0.0000000000
186,5,0.0000000000
186,6,0.0000000000
186,7,0.0000000000
186,8,0.0000000000
187,0,0.0000000000
187,1,0.0000000000
187,2,0.0000000000
187,3,0.0000000000
187,4,0.0000000000
187,5,0.0000000000
187,6,0.0000000000
187,7,0.0000000000
187,8,0.0000000000
188,0,0.0000000000
188,1,0.0000000000
188,2,0.0000000000
188,3,0.0132823047
188,4,0.0000000000
188,5,0.0000000000
188,6,0.0000000000
188,7,0.0000000000
188,8,0.0000000000
189,0,0.0000000000
189,1,0.0000000000
189,2,0.0000000000
189,3,0.0000000000
189,4,0.0000000000
189,5,0.0000000000
189,6,0.0000068211
189,7,0.0000000000
189,8,0.0000000000
190,0,0.0000000000
190,1,0.0000000000
190,2,0.0000000000
190,3,0.0000000000
190,4,0.0000000000
190,5,0.0000000000
190,6,0.0000000000
190,7,0.0000000000
190,8,0.0000000000
191,0,0.0000000000
191,1,0.0000000000
191,2,0.0000000000
191,3,0.0000000000
191,4,0.0000000000
191,5,0.0000000000
191,6,0.0000000000
191,7,0.0000000000
191,8,0.0000000000
192,0,0.0470145640
192,1,0.0000000000
192,2,0.0000000000
192,3,0.0000000000
192,4,0.0000000000
192,5,0.0000000000
192,6,0.0000000000
192,7,0.0000000000
192,8,0.0000000000
193,0,0.0000000000
193,1,0.0000000000
193,2,0.0000000000
193,3,0.0000000000
193,4,0.0000000000
193,5,0.0000000000
193,6,0.0001416505
193,7,0.0000000000
193,8,0.0000000000
194,0,0.0000000000
194,1,0.0000000000
194,2,0.0000000000
194,3,0.0000000000
194,4,0.0000000000
194,5,0.0000000000
194,6,0.0000000000
194,7,0.0000000000
194,8,0.0000000000
195,0,0.0000000000
195,1,0.0000000000
195,2,0.0000000000
195,3,0.0000000000
195,4,0.0000000000
195,5,0.0000000000
195,6,0.0000000000
195,7,0.0000000000
195,8,0.0000000000
196,0,0.0000000000
196,1,0.0000000000
196,2,0.0000000000
196,3,0.0000000000
196,4,0.0000000000
196,5,0.0000000000
196,6,0.0000000000
196,7,0.0000000000
196,8,0.0000000000
197,0,0.0000000000
197,1,0.0000000000
197,2,0.0000000000
197,3,0.0000000000
197,4,0.0000000000
197,5,0.0000000000
197,6,0.0000000000
197,7,0.0000000000
197,8,0.0000000000
198,0,0.0000000000
198,1,0.0000000000
198,2,0.0000000000
198,3,0.0000000000
198,4,0.0000000000
198,5,0.0000000000
198,6,0.0000000000
198,7,0.0000000000
198,8,0.5279295278
199,0,0.0000000000
199,1,0.0000000000
199,2,0.0000000000
199,3,0.0000000000
199,4,0.0000000000
199,5,0.0000000000
199,6,0.0000000000
199,7,0.0000000000
199,8,0.0056866223
